Area,Velocity ,Points 
15.1477,66,256
14.5545,72,297
21.7477,65,359
12.4977,68,369
10.9386,75,402
0.675,97,410
0.479545,85,398
0.304545,94,409
